chat_identifier,timestamp,chat_message
USR_101,2026-02-15 09:00:01,Executing buy order for 500 shares of AAPL.
USR_101,2026-02-15 09:05:00,Order confirmed at 185.20.
USR_102,2026-02-15 09:00:05,Market volatility is high. Adjusting stop-loss levels.
USR_102,2026-02-15 09:07:01,Portfolio rebalanced successfully.
USR_103,2026-02-15 09:01:10,Margin call alert for account XJ9.
USR_104,2026-02-15 09:02:15,Research report: The energy sector is showing bullish signals.
USR_105,2026-02-15 09:06:12,Can we hedge the FX risk?
USR_106,2026-02-15 09:10:00,Gold prices hitting resistance. Wait for breakout before entry.
USR_107,2026-02-15 09:12:30,Swap rates updated.
USR_108,2026-02-15 09:13:45,Urgent: Fed announcement in 5 mins.
USR_109,2026-02-15 09:15:00,Checking liquidity for BTC/USD. Spreads are widening. Execution might be delayed.
USR_110,2026-02-15 09:20:00,Indices down 2% on open.
USR_111,2026-02-15 09:21:00,New IPO subscription open.
USR_112,2026-02-15 09:22:00,Client inquiry regarding dividend tax.
