chat_identifier,full_message,start_time,end_time,fragment_count
USR_101,Executing buy order for 500 shares of AAPL. Order confirmed at 185.20.,2026-02-15 09:00:01,2026-02-15 09:05:00,2
USR_102,Market volatility is high. Adjusting stop-loss levels. Portfolio rebalanced successfully.,2026-02-15 09:00:05,2026-02-15 09:07:01,3
USR_103,Margin call alert for account XJ9.,2026-02-15 09:01:10,2026-02-15 09:01:10,1
USR_104,Research report: The energy sector is showing bullish signals.,2026-02-15 09:02:15,2026-02-15 09:02:17,3
USR_105,Can we hedge the FX risk?,2026-02-15 09:06:12,2026-02-15 09:06:12,1
USR_106,Gold prices hitting resistance. Wait for breakout before entry.,2026-02-15 09:10:00,2026-02-15 09:10:01,2
USR_107,Swap rates updated.,2026-02-15 09:12:30,2026-02-15 09:12:30,1
USR_108,Urgent: Fed announcement in 5 mins.,2026-02-15 09:13:45,2026-02-15 09:13:45,1
USR_109,Checking liquidity for BTC/USD. Spreads are widening. Execution might be delayed.,2026-02-15 09:15:00,2026-02-15 09:15:10,3
USR_110,Indices down 2% on open.,2026-02-15 09:20:00,2026-02-15 09:20:00,1
USR_111,New IPO subscription open.,2026-02-15 09:21:00,2026-02-15 09:21:00,1
USR_112,Client inquiry regarding dividend tax.,2026-02-15 09:22:00,2026-02-15 09:22:00,1
USR_201,Vendre 10 lots EUR/USD au prix du marché.,2026-02-15 10:00:01,2026-02-15 10:00:01,1
USR_202,I need to deposit funds via wire transfer.,2026-02-15 10:00:02,2026-02-15 10:00:02,1
USR_203,¿Cuál es el margen requerido para BTC?,2026-02-15 10:00:03,2026-02-15 10:00:03,1
USR_204,k,2026-02-15 10:00:04,2026-02-15 10:00:04,1
USR_205,The yield curve is flattening rapidly.,2026-02-15 10:00:05,2026-02-15 10:00:05,1
USR_206,Ich möchte mein Passwort zurücksetzen.,2026-02-15 10:00:06,2026-02-15 10:00:06,1
USR_207,!!! BUY !!!,2026-02-15 10:00:07,2026-02-15 10:00:07,1
USR_208,Can you help me?,2026-02-15 10:00:08,2026-02-15 10:00:08,1
