timestamp,chat_identifier,chat_message
2026-02-15 09:00:01,USR_101,Executing buy order for 500 shares of AAPL.
2026-02-15 09:00:05,USR_102,Market volatility is high.
2026-02-15 09:00:06,USR_102,Adjusting stop-loss levels.
2026-02-15 09:01:10,USR_103,Margin call alert for account XJ9.
2026-02-15 09:02:15,USR_104,Research report:
2026-02-15 09:02:16,USR_104,The energy sector is
2026-02-15 09:02:17,USR_104,showing bullish signals.
2026-02-15 09:05:00,USR_101,Order confirmed at 185.20.
2026-02-15 09:06:12,USR_105,Can we hedge the FX risk?
2026-02-15 09:07:01,USR_102,Portfolio rebalanced successfully.
2026-02-15 09:10:00,USR_106,Gold prices hitting resistance.
2026-02-15 09:10:01,USR_106,Wait for breakout before entry.
2026-02-15 09:12:30,USR_107,Swap rates updated.
2026-02-15 09:13:45,USR_108,Urgent: Fed announcement in 5 mins.
2026-02-15 09:15:00,USR_109,Checking liquidity for BTC/USD.
2026-02-15 09:15:05,USR_109,Spreads are widening.
2026-02-15 09:15:10,USR_109,Execution might be delayed.
2026-02-15 09:20:00,USR_110,Indices down 2% on open.
2026-02-15 09:21:00,USR_111,New IPO subscription open.
2026-02-15 09:22:00,USR_112,Client inquiry regarding dividend tax.